<?xml version="1.0" encoding="UTF-8"?>
<?xml-stylesheet type="text/xsl" href="fitxesmascotes.xsl"?>


<fitxes_mascotes>
    <mascota id_mascota="M_001">
        <visita_propera>true</visita_propera>
        <xip>0x1A2B3C</xip>
        <nom_mascota>Nala</nom_mascota>
        <data_naixement>09/01/2021</data_naixement>
        <pedigree>true</pedigree>
        <caracteristiques_fisiques>
            <pes>13.5 kg</pes>
            <sexe valor="Femella"/>
            <color>Negre</color>
            <foto>images/animals/Border_collie_canon.jpg</foto>
            <tipus_cabell valor="Llarg"/>
        </caracteristiques_fisiques>
        <dades_propietari>
            <nom_propietari>Jaume</nom_propietari>
            <cognom>Pérez</cognom>
            <adreca>Carrer Aragó, 153</adreca>
            <direccio_correu_electronic>jaume.perez@gmail.com</direccio_correu_electronic>
            <telefon>933892965</telefon>
        </dades_propietari>
        <vacunacions>
            <vacuna laboratori="Laboratori Virbac">
                <nom_vacuna>Vacuna contra la rabia</nom_vacuna>
                <data_administracio>17/04/2024</data_administracio>
                <data_propera_administracio />
            </vacuna>
            <vacuna laboratori="Laboratori Zoetis">
                <nom_vacuna>Vacuna contra el parvovirus</nom_vacuna>
                <data_administracio>20/02/2023</data_administracio>
                <data_propera_administracio>15/03/2024</data_propera_administracio>
            </vacuna>
        </vacunacions>
        <visites>
            <visita>
                <id_visita>1</id_visita>
                <data_visita>20/02/2023</data_visita>
                <motiu_consulta>Vacunació parvovirus</motiu_consulta>
                <diagnostic>El gos no presenta símptomes de parvovirus. Es recomana la vacunació per
                    prevenir la malaltia</diagnostic>
                <tractament>Vacunació contra el parvovirus caní administrada.</tractament>
                <alta>Solventat</alta>
            </visita>
        </visites>
    </mascota>
    <mascota id_mascota="M_002">
        <xip>0x4D5E6F</xip>
        <nom_mascota>Luna</nom_mascota>
        <data_naixement>18/07/2020</data_naixement>
        <pedigree>false</pedigree>
        <caracteristiques_fisiques>
            <pes>5.9 kg</pes>
            <sexe valor="Femella"/>
            <color>Marró</color>
            <foto>images/animals/Agility_Poodle.jpg</foto>
            <tipus_cabell valor="Arrissat"/>
        </caracteristiques_fisiques>
        <dades_propietari>
            <nom_propietari>Mireia</nom_propietari>
            <cognom>García</cognom>
            <adreca>Carrer Sepúlveda, 106</adreca>
            <direccio_correu_electronic>mireia.garcia@gmail.com</direccio_correu_electronic>
            <telefon>566036826</telefon>
        </dades_propietari>
        <vacunacions>
            <vacuna laboratori="Laboratori Virbac">
                <nom_vacuna>Vacuna contra la rabia</nom_vacuna>
                <data_administracio>29/08/2024</data_administracio>
                <data_propera_administracio>02/09/2025</data_propera_administracio>
            </vacuna>
            <vacuna laboratori="Laboratori Boehringer Ingelheim">
                <nom_vacuna>Vacuna contra hepatitis vírica</nom_vacuna>
                <data_administracio>04/06/2023</data_administracio>
                <data_propera_administracio/>
            </vacuna>
        </vacunacions>
        <visites>
            <visita>

                <id_visita >2</id_visita>
                <data_visita>04/06/2023</data_visita>
                <motiu_consulta>Malaltia detectada</motiu_consulta>
                <diagnostic>Hepatitis vírica canina</diagnostic>
                <tractament>Suport mèdic, hidratació, medicaments. Vacunació contra la hepatitis
                    administrada</tractament>
                <alta>Solventat</alta>
            </visita>
        </visites>
    </mascota>
    <mascota id_mascota="M_003">
        <visita_propera>true</visita_propera>
        <xip>0x7F8E9A</xip>
        <nom_mascota>Rocco</nom_mascota>
        <data_naixement>16/03/2024</data_naixement>
        <pedigree>false</pedigree>
        <caracteristiques_fisiques>
            <pes>36.8 kg</pes>
            <sexe valor="Mascle"/>
            <color>Marró</color>
            <foto>images/animals/Labrador_Retriever_(1210559).jpg</foto>
            <tipus_cabell valor="Curt"/>
        </caracteristiques_fisiques>
        <dades_propietari>
            <nom_propietari>Martí</nom_propietari>
            <cognom>Esteve</cognom>
            <adreca>Avinguda Diagonal, 354</adreca>
            <direccio_correu_electronic>marti.esteve@gmail.com</direccio_correu_electronic>
            <telefon>922780419</telefon>
        </dades_propietari>
        <vacunacions>
            <vacuna laboratori="Laboratori Virbac">
                <nom_vacuna>Vacuna contra la rabia</nom_vacuna>
                <data_administracio>19/04/2024</data_administracio>
                <data_propera_administracio>19/04/2025</data_propera_administracio>
            </vacuna>
        </vacunacions>
        <visites>
            <visita>
                <id_visita>3</id_visita>
                <data_visita>27/08/2024</data_visita>
                <motiu_consulta>Lesió a la pota, sospita de fractura</motiu_consulta>
                <diagnostic>Fractura de l'os de la pata esquerra. Dolor, inflor i dificultat per
                    caminar.</diagnostic>
                <tractament>Radiografies realitzades per confirmar la fractura. Immobilització de la
                    pota amb un venatge i medicaments per al dolor.</tractament>
                <alta>Seguiment recomanat</alta>
            </visita>
            <visita>
                <id_visita>4</id_visita>
                <data_visita>13/09/2024</data_visita>
                <motiu_consulta>Revisió de la pota després de la immobilització</motiu_consulta>
                <diagnostic>Millora visible. La pota presenta menys inflor i el gos camina millor.
                    Radiografies mostren una bona consolidació de la fractura.</diagnostic>
                <tractament>Continuar amb l'ús del venatge per 1 setmana més. Controlar el dolor amb
                    medicaments si és necessari.</tractament>
                <alta>Solventat</alta>
            </visita>
        </visites>
    </mascota>
        <mascota id_mascota="M_004">
        <xip>0xAA12BC</xip>
        <nom_mascota>Simba</nom_mascota>
        <data_naixement>05/05/2022</data_naixement>
        <pedigree>true</pedigree>
        <caracteristiques_fisiques>
            <pes>4.3 kg</pes>
            <sexe valor="Mascle"/>
            <color>Taronja</color>
            <foto>images/animals/Cat_November_2010-1a.jpg</foto>
            <tipus_cabell valor="Curt"/>
        </caracteristiques_fisiques>
        <dades_propietari>
            <nom_propietari>Laura</nom_propietari>
            <cognom>Domènech</cognom>
            <adreca>Rambla Catalunya, 78</adreca>
            <direccio_correu_electronic>laura.domen@gmail.com</direccio_correu_electronic>
            <telefon>611289432</telefon>
        </dades_propietari>
        <vacunacions>
            <vacuna laboratori="Laboratori Zoetis">
                <nom_vacuna>Vacuna trivalenta felina</nom_vacuna>
                <data_administracio>11/06/2023</data_administracio>
                <data_propera_administracio>11/06/2024</data_propera_administracio>
            </vacuna>
        </vacunacions>
        <visites>
            <visita>
                <id_visita>5</id_visita>
                <data_visita>11/06/2023</data_visita>
                <motiu_consulta>Vacunació anual</motiu_consulta>
                <diagnostic>Cap símptoma. Revisió general correcta.</diagnostic>
                <tractament>Vacuna trivalenta administrada.</tractament>
                <alta>Solventat</alta>
            </visita>
        </visites>
    </mascota>
    <mascota id_mascota="M_005">
        <visita_propera>true</visita_propera>
        <xip>0xBB34DE</xip>
        <nom_mascota>Thor</nom_mascota>
        <data_naixement>23/11/2019</data_naixement>
        <pedigree>false</pedigree>
        <caracteristiques_fisiques>
            <pes>42.0 kg</pes>
            <sexe valor="Mascle"/>
            <color>Negre</color>
            <foto>images/animals/Rottweiler_kopf_2.jpg</foto>
            <tipus_cabell valor="Curt"/>
        </caracteristiques_fisiques>
        <dades_propietari>
            <nom_propietari>Jordi</nom_propietari>
            <cognom>Martínez</cognom>
            <adreca>Carrer Sants, 21</adreca>
            <direccio_correu_electronic>jordi.martinez@hotmail.com</direccio_correu_electronic>
            <telefon>677908341</telefon>
        </dades_propietari>
        <vacunacions>
            <vacuna laboratori="Laboratori Boehringer Ingelheim">
                <nom_vacuna>Vacuna tetravalent</nom_vacuna>
                <data_administracio>15/10/2023</data_administracio>
                <data_propera_administracio>15/10/2024</data_propera_administracio>
            </vacuna>
        </vacunacions>
        <visites>
            <visita>
                <id_visita>6</id_visita>
                <data_visita>15/10/2023</data_visita>
                <motiu_consulta>Revisió anual</motiu_consulta>
                <diagnostic>Sense anomalies.</diagnostic>
                <tractament>Vacuna tetravalent administrada.</tractament>
                <alta>Solventat</alta>
            </visita>
        </visites>
    </mascota>
    <mascota id_mascota="M_006">
        <visita_propera>true</visita_propera>
        <xip>0xCDEA23</xip>
        <nom_mascota>Mia</nom_mascota>
        <data_naixement>12/02/2023</data_naixement>
        <pedigree>false</pedigree>
        <caracteristiques_fisiques>
            <pes>3.7 kg</pes>
            <sexe valor="Femella"/>
            <color>Gris</color>
            <foto>images/animals/Cat_Janna.jpg</foto>
            <tipus_cabell valor="Curt"/>
        </caracteristiques_fisiques>
        <dades_propietari>
            <nom_propietari>Marina</nom_propietari>
            <cognom>Solé</cognom>
            <adreca>Gran Via, 410</adreca>
            <direccio_correu_electronic>marina.sole@gmail.com</direccio_correu_electronic>
            <telefon>634985210</telefon>
        </dades_propietari>
        <vacunacions>
            <vacuna laboratori="Laboratori Virbac">
                <nom_vacuna>Vacuna contra leucèmia felina</nom_vacuna>
                <data_administracio>05/09/2023</data_administracio>
                <data_propera_administracio>05/09/2024</data_propera_administracio>
            </vacuna>
        </vacunacions>
        <visites>
            <visita>
                <id_visita>7</id_visita>
                <data_visita>05/09/2023</data_visita>
                <motiu_consulta>Primera vacunació</motiu_consulta>
                <diagnostic>Gat saludable, sense paràsits ni problemes físics.</diagnostic>
                <tractament>Administració de vacuna contra leucèmia.</tractament>
                <alta>Solventat</alta>
            </visita>
        </visites>
    </mascota>
        <mascota id_mascota="M_007">
        <xip>0xDD56EF</xip>
        <nom_mascota>Baloo</nom_mascota>
        <data_naixement>30/08/2021</data_naixement>
        <pedigree>true</pedigree>
        <caracteristiques_fisiques>
            <pes>28.4 kg</pes>
            <sexe valor="Mascle"/>
            <color>Gris-blavós</color>
            <foto>images/animals/Aussi.jpg</foto>
            <tipus_cabell valor="Mitjà"/>
        </caracteristiques_fisiques>
        <dades_propietari>
            <nom_propietari>Clara</nom_propietari>
            <cognom>Navarro</cognom>
            <adreca>Carrer Gran, 12</adreca>
            <direccio_correu_electronic>clara.navarro@gmail.com</direccio_correu_electronic>
            <telefon>698120345</telefon>
        </dades_propietari>
        <vacunacions>
            <vacuna laboratori="Laboratori Boehringer Ingelheim">
                <nom_vacuna>Vacuna polivalent</nom_vacuna>
                <data_administracio>10/01/2024</data_administracio>
                <data_propera_administracio>10/01/2025</data_propera_administracio>
            </vacuna>
        </vacunacions>
        <visites>
            <visita>
                <id_visita>8</id_visita>
                <data_visita>10/01/2024</data_visita>
                <motiu_consulta>Vacunació i desparasitació</motiu_consulta>
                <diagnostic>Bon estat general. Sense paràsits externs ni interns.</diagnostic>
                <tractament>Vacuna polivalent administrada i pipeta antiparasitària.</tractament>
                <alta>Solventat</alta>
            </visita>
        </visites>
    </mascota>
    <mascota id_mascota="M_008">
        <xip>0xEF78A1</xip>
        <nom_mascota>Lola</nom_mascota>
        <data_naixement>11/12/2020</data_naixement>
        <pedigree>false</pedigree>
        <caracteristiques_fisiques>
            <pes>2.8 kg</pes>
            <sexe valor="Femella"/>
            <color>Blanc amb taques negres</color>
            <foto>images/animals/800px-Gato_de_7_meses.jpg</foto>
            <tipus_cabell valor="Curt"/>
        </caracteristiques_fisiques>
        <dades_propietari>
            <nom_propietari>Òscar</nom_propietari>
            <cognom>Ribas</cognom>
            <adreca>Travessera de Gràcia, 200</adreca>
            <direccio_correu_electronic>oscar.ribas@gmail.com</direccio_correu_electronic>
            <telefon>600125874</telefon>
        </dades_propietari>
        <vacunacions>
            <vacuna laboratori="Laboratori Virbac">
                <nom_vacuna>Vacuna contra panleucopènia felina</nom_vacuna>
                <data_administracio>20/12/2023</data_administracio>
                <data_propera_administracio>20/12/2024</data_propera_administracio>
            </vacuna>
        </vacunacions>
        <visites>
            <visita>
                <id_visita>9</id_visita>
                <data_visita>20/12/2023</data_visita>
                <motiu_consulta>Revisió anual</motiu_consulta>
                <diagnostic>Gata en bon estat. Petita infecció a l’ull tractada amb pomada.</diagnostic>
                <tractament>Pomada ocular durant 5 dies. Vacuna administrada.</tractament>
                <alta>Seguiment recomanat</alta>
            </visita>
        </visites>
    </mascota>
    <mascota id_mascota="M_009">
        <xip>0xF1A2C3</xip>
        <nom_mascota>Bruce</nom_mascota>
        <data_naixement>01/04/2018</data_naixement>
        <pedigree>true</pedigree>
        <caracteristiques_fisiques>
            <pes>50.2 kg</pes>
            <sexe valor="Mascle"/>
            <color>Beix</color>
            <foto>images/animals/Mastín_español,_línea_original_de_trabajo._04.jpg</foto>
            <tipus_cabell valor="Curt"/>
        </caracteristiques_fisiques>
        <dades_propietari>
            <nom_propietari>Roger</nom_propietari>
            <cognom>Ferrer</cognom>
            <adreca>Plaça Espanya, 3</adreca>
            <direccio_correu_electronic>roger.ferrer@outlook.com</direccio_correu_electronic>
            <telefon>693450881</telefon>
        </dades_propietari>
        <vacunacions>
            <vacuna laboratori="Laboratori Zoetis">
                <nom_vacuna>Vacuna contra la leishmaniosi</nom_vacuna>
                <data_administracio>02/03/2024</data_administracio>
                <data_propera_administracio>02/03/2025</data_propera_administracio>
            </vacuna>
        </vacunacions>
        <visites>
            <visita>
                <id_visita>10</id_visita>
                <data_visita>02/03/2024</data_visita>
                <motiu_consulta>Prevenció estival</motiu_consulta>
                <diagnostic>Sense símptomes. Control rutinari correcte.</diagnostic>
                <tractament>Vacuna contra la leishmaniosi i aplicació de collar antiparasitari.</tractament>
                <alta>Solventat</alta>
            </visita>
        </visites>
    </mascota>
    <mascota id_mascota="M_010">
        <visita_propera>true</visita_propera>
        <xip>0x123ABC</xip>
        <nom_mascota>Minuet</nom_mascota>
        <data_naixement>14/06/2022</data_naixement>
        <pedigree>false</pedigree>
        <caracteristiques_fisiques>
            <pes>3.1 kg</pes>
            <sexe valor="Femella"/>
            <color>Crema</color>
            <foto>images/animals/Longhairedmunchkin.jpg</foto>
            <tipus_cabell valor="Curt"/>
        </caracteristiques_fisiques>
        <dades_propietari>
            <nom_propietari>Sara</nom_propietari>
            <cognom>Campos</cognom>
            <adreca>Carrer Rosselló, 320</adreca>
            <direccio_correu_electronic>sara.campos@gmail.com</direccio_correu_electronic>
            <telefon>622974563</telefon>
        </dades_propietari>
        <vacunacions>
            <vacuna laboratori="Laboratori Boehringer Ingelheim">
                <nom_vacuna>Vacuna trivalenta felina</nom_vacuna>
                <data_administracio>20/06/2023</data_administracio>
                <data_propera_administracio>20/06/2024</data_propera_administracio>
            </vacuna>
        </vacunacions>
        <visites>
            <visita>
                <id_visita>11</id_visita>
                <data_visita>20/06/2023</data_visita>
                <motiu_consulta>Vacunació anual</motiu_consulta>
                <diagnostic>Revisió completa correcta.</diagnostic>
                <tractament>Vacuna trivalenta administrada.</tractament>
                <alta>Solventat</alta>
            </visita>
        </visites>
    </mascota>
</fitxes_mascotes>